time_iso8601,stars_cumulative
2021-04-02 00:00:00+00:00,3
2021-04-05 00:00:00+00:00,4
2021-04-12 00:00:00+00:00,5
2021-04-13 00:00:00+00:00,10
2021-04-14 00:00:00+00:00,12
2021-04-15 00:00:00+00:00,15
2021-04-19 00:00:00+00:00,17
2021-04-20 00:00:00+00:00,24
2021-04-21 00:00:00+00:00,32
2021-04-22 00:00:00+00:00,57
2021-04-23 00:00:00+00:00,137
2021-04-24 00:00:00+00:00,220
2021-04-25 00:00:00+00:00,262
2021-04-26 00:00:00+00:00,263
2021-04-28 00:00:00+00:00,268
2021-04-29 00:00:00+00:00,279
2021-04-30 00:00:00+00:00,281
2021-05-01 00:00:00+00:00,282
2021-05-03 00:00:00+00:00,284
2021-05-04 00:00:00+00:00,285
2021-05-05 00:00:00+00:00,286
2021-05-07 00:00:00+00:00,287
2021-05-08 00:00:00+00:00,289
2021-05-10 00:00:00+00:00,293
2021-05-11 00:00:00+00:00,294
2021-05-14 00:00:00+00:00,296
2021-05-16 00:00:00+00:00,298
2021-05-17 00:00:00+00:00,299
2021-05-24 00:00:00+00:00,300
2021-05-25 00:00:00+00:00,306
2021-05-26 00:00:00+00:00,308
2021-05-28 00:00:00+00:00,310
2021-06-01 00:00:00+00:00,311
2021-06-03 00:00:00+00:00,313
2021-06-09 00:00:00+00:00,314
2021-06-10 00:00:00+00:00,315
2021-06-13 00:00:00+00:00,321
2021-06-15 00:00:00+00:00,322
2021-06-16 00:00:00+00:00,323
2021-06-17 00:00:00+00:00,324
2021-06-18 00:00:00+00:00,325
2021-06-19 00:00:00+00:00,326
2021-06-20 00:00:00+00:00,327
2021-06-21 00:00:00+00:00,328
2021-06-23 00:00:00+00:00,335
2021-06-24 00:00:00+00:00,337
2021-06-26 00:00:00+00:00,338
2021-06-27 00:00:00+00:00,339
2021-06-30 00:00:00+00:00,341
2021-07-05 00:00:00+00:00,342
2021-07-06 00:00:00+00:00,343
2021-07-07 00:00:00+00:00,348
2021-07-09 00:00:00+00:00,352
2021-07-10 00:00:00+00:00,353
2021-07-11 00:00:00+00:00,354
2021-07-12 00:00:00+00:00,355
2021-07-13 00:00:00+00:00,356
2021-07-14 00:00:00+00:00,359
2021-07-17 00:00:00+00:00,360
2021-07-18 00:00:00+00:00,361
2021-07-19 00:00:00+00:00,362
2021-07-20 00:00:00+00:00,363
2021-07-21 00:00:00+00:00,365
2021-07-23 00:00:00+00:00,366
2021-07-30 00:00:00+00:00,367
2021-08-02 00:00:00+00:00,368
2021-08-03 00:00:00+00:00,369
2021-08-04 00:00:00+00:00,370
2021-08-05 00:00:00+00:00,371
2021-08-08 00:00:00+00:00,372
2021-08-11 00:00:00+00:00,374
2021-08-15 00:00:00+00:00,375
2021-08-18 00:00:00+00:00,376
2021-08-23 00:00:00+00:00,378
2021-08-26 00:00:00+00:00,379
2021-08-27 00:00:00+00:00,380
2021-08-29 00:00:00+00:00,382
2021-08-31 00:00:00+00:00,384
2021-09-01 00:00:00+00:00,385
2021-09-03 00:00:00+00:00,386
2021-09-04 00:00:00+00:00,388
2021-09-06 00:00:00+00:00,390
2021-09-08 00:00:00+00:00,392
2021-09-09 00:00:00+00:00,394
2021-09-13 00:00:00+00:00,395
2021-09-14 00:00:00+00:00,396
2021-09-17 00:00:00+00:00,397
2021-09-19 00:00:00+00:00,398
2021-09-21 00:00:00+00:00,399
2021-09-23 00:00:00+00:00,401
2021-09-24 00:00:00+00:00,404
2021-09-28 00:00:00+00:00,407
2021-09-30 00:00:00+00:00,408
2021-10-04 00:00:00+00:00,409
2021-10-05 00:00:00+00:00,411
2021-10-06 00:00:00+00:00,412
2021-10-09 00:00:00+00:00,413
2021-10-11 00:00:00+00:00,414
2021-10-16 00:00:00+00:00,416
2021-10-20 00:00:00+00:00,417
2021-10-25 00:00:00+00:00,419
2021-10-26 00:00:00+00:00,420
2021-10-28 00:00:00+00:00,421
2021-10-29 00:00:00+00:00,423
2021-10-30 00:00:00+00:00,424
2021-10-31 00:00:00+00:00,425
2021-11-05 00:00:00+00:00,426
2021-11-07 00:00:00+00:00,427
2021-11-08 00:00:00+00:00,428
2021-11-12 00:00:00+00:00,430
2021-11-17 00:00:00+00:00,432
2021-11-19 00:00:00+00:00,433
2021-11-22 00:00:00+00:00,435
2021-11-24 00:00:00+00:00,438
2021-11-27 00:00:00+00:00,439
2021-11-28 00:00:00+00:00,440
2021-11-29 00:00:00+00:00,441
2021-12-01 00:00:00+00:00,443
2021-12-02 00:00:00+00:00,444
2021-12-07 00:00:00+00:00,445
2021-12-08 00:00:00+00:00,447
2021-12-09 00:00:00+00:00,448
2021-12-11 00:00:00+00:00,449
2021-12-15 00:00:00+00:00,452
2021-12-21 00:00:00+00:00,453
2021-12-23 00:00:00+00:00,455
2021-12-24 00:00:00+00:00,456
2021-12-25 00:00:00+00:00,457
2021-12-27 00:00:00+00:00,458
2021-12-29 00:00:00+00:00,459
2021-12-31 00:00:00+00:00,460
2022-01-02 00:00:00+00:00,461
2022-01-05 00:00:00+00:00,463
2022-01-06 00:00:00+00:00,465
2022-01-11 00:00:00+00:00,469
2022-01-12 00:00:00+00:00,470
2022-01-13 00:00:00+00:00,471
2022-01-14 00:00:00+00:00,474
2022-01-15 00:00:00+00:00,475
2022-01-17 00:00:00+00:00,476
2022-01-19 00:00:00+00:00,477
2022-01-22 00:00:00+00:00,478
2022-01-23 00:00:00+00:00,479
2022-01-24 00:00:00+00:00,481
2022-01-25 00:00:00+00:00,482
2022-01-26 00:00:00+00:00,483
2022-01-27 00:00:00+00:00,484
2022-01-28 00:00:00+00:00,485
2022-01-29 00:00:00+00:00,486
2022-01-30 00:00:00+00:00,487
2022-02-01 00:00:00+00:00,490
2022-02-02 00:00:00+00:00,493
2022-02-03 00:00:00+00:00,494
2022-02-04 00:00:00+00:00,496
2022-02-07 00:00:00+00:00,498
2022-02-08 00:00:00+00:00,499
2022-02-09 00:00:00+00:00,500
2022-02-10 00:00:00+00:00,501
2022-02-14 00:00:00+00:00,502
2022-02-15 00:00:00+00:00,503
2022-02-16 00:00:00+00:00,506
2022-02-17 00:00:00+00:00,507
2022-02-18 00:00:00+00:00,509
2022-02-19 00:00:00+00:00,511
2022-02-20 00:00:00+00:00,513
2022-02-23 00:00:00+00:00,515
2022-02-26 00:00:00+00:00,516
2022-02-28 00:00:00+00:00,518
2022-03-02 00:00:00+00:00,520
2022-03-03 00:00:00+00:00,521
2022-03-06 00:00:00+00:00,522
2022-03-08 00:00:00+00:00,523
2022-03-09 00:00:00+00:00,527
2022-03-10 00:00:00+00:00,530
2022-03-11 00:00:00+00:00,531
2022-03-12 00:00:00+00:00,533
2022-03-14 00:00:00+00:00,536
2022-03-16 00:00:00+00:00,537
2022-03-22 00:00:00+00:00,539
2022-03-23 00:00:00+00:00,540
2022-03-24 00:00:00+00:00,542
2022-03-25 00:00:00+00:00,543
2022-03-26 00:00:00+00:00,544
2022-03-29 00:00:00+00:00,547
2022-03-30 00:00:00+00:00,556
2022-03-31 00:00:00+00:00,557
2022-04-03 00:00:00+00:00,558
2022-04-04 00:00:00+00:00,559
2022-04-05 00:00:00+00:00,560
2022-04-06 00:00:00+00:00,564
2022-04-08 00:00:00+00:00,566
2022-04-10 00:00:00+00:00,568
2022-04-11 00:00:00+00:00,571
2022-04-13 00:00:00+00:00,573
2022-04-14 00:00:00+00:00,574
2022-04-15 00:00:00+00:00,575
2022-04-17 00:00:00+00:00,577
2022-04-18 00:00:00+00:00,578
2022-04-20 00:00:00+00:00,580
2022-04-22 00:00:00+00:00,581
2022-04-24 00:00:00+00:00,582
2022-04-28 00:00:00+00:00,584
2022-04-29 00:00:00+00:00,586
2022-05-06 00:00:00+00:00,587
2022-05-08 00:00:00+00:00,588
2022-05-09 00:00:00+00:00,590
2022-05-11 00:00:00+00:00,592
2022-05-12 00:00:00+00:00,594
2022-05-14 00:00:00+00:00,595
2022-05-16 00:00:00+00:00,596
2022-05-19 00:00:00+00:00,597
2022-05-21 00:00:00+00:00,598
2022-05-23 00:00:00+00:00,600
2022-05-25 00:00:00+00:00,602
2022-05-26 00:00:00+00:00,603
2022-05-28 00:00:00+00:00,604
2022-05-30 00:00:00+00:00,605
2022-06-01 00:00:00+00:00,606
2022-06-02 00:00:00+00:00,607
2022-06-03 00:00:00+00:00,608
2022-06-06 00:00:00+00:00,609
2022-06-07 00:00:00+00:00,611
2022-06-09 00:00:00+00:00,612
2022-06-12 00:00:00+00:00,613
2022-06-13 00:00:00+00:00,617
2022-06-14 00:00:00+00:00,618
2022-06-15 00:00:00+00:00,620
2022-06-16 00:00:00+00:00,621
2022-06-18 00:00:00+00:00,622
2022-06-19 00:00:00+00:00,624
2022-06-20 00:00:00+00:00,626
2022-06-21 00:00:00+00:00,630
2022-06-23 00:00:00+00:00,633
2022-06-26 00:00:00+00:00,634
2022-06-30 00:00:00+00:00,636
2022-07-02 00:00:00+00:00,637
2022-07-03 00:00:00+00:00,639
2022-07-05 00:00:00+00:00,640
2022-07-07 00:00:00+00:00,644
2022-07-08 00:00:00+00:00,645
2022-07-10 00:00:00+00:00,646
2022-07-11 00:00:00+00:00,649
2022-07-13 00:00:00+00:00,650
2022-07-15 00:00:00+00:00,651
2022-07-16 00:00:00+00:00,652
2022-07-18 00:00:00+00:00,653
2022-07-19 00:00:00+00:00,655
2022-07-20 00:00:00+00:00,656
2022-07-25 00:00:00+00:00,657
2022-07-26 00:00:00+00:00,660
2022-07-27 00:00:00+00:00,661
2022-07-28 00:00:00+00:00,662
2022-07-29 00:00:00+00:00,665
2022-07-30 00:00:00+00:00,669
2022-08-03 00:00:00+00:00,671
2022-08-06 00:00:00+00:00,672
2022-08-08 00:00:00+00:00,673
2022-08-09 00:00:00+00:00,675
2022-08-12 00:00:00+00:00,676
2022-08-15 00:00:00+00:00,677
2022-08-16 00:00:00+00:00,678
2022-08-19 00:00:00+00:00,680
2022-08-23 00:00:00+00:00,682
2022-08-25 00:00:00+00:00,683
2022-08-26 00:00:00+00:00,684
2022-08-27 00:00:00+00:00,685
2022-08-29 00:00:00+00:00,688
2022-08-30 00:00:00+00:00,690
2022-09-01 00:00:00+00:00,691
2022-09-02 00:00:00+00:00,692
2022-09-03 00:00:00+00:00,694
2022-09-06 00:00:00+00:00,695
2022-09-07 00:00:00+00:00,698
2022-09-11 00:00:00+00:00,699
2022-09-15 00:00:00+00:00,700
2022-09-16 00:00:00+00:00,702
2022-09-19 00:00:00+00:00,705
2022-09-20 00:00:00+00:00,706
2022-09-23 00:00:00+00:00,708
2022-09-26 00:00:00+00:00,709
2022-09-27 00:00:00+00:00,711
2022-09-28 00:00:00+00:00,712
2022-09-30 00:00:00+00:00,713
2022-10-03 00:00:00+00:00,714
2022-10-04 00:00:00+00:00,715
2022-10-06 00:00:00+00:00,716
2022-10-08 00:00:00+00:00,718
2022-10-09 00:00:00+00:00,720
2022-10-10 00:00:00+00:00,723
2022-10-11 00:00:00+00:00,724
2022-10-12 00:00:00+00:00,726
2022-10-13 00:00:00+00:00,729
2022-10-14 00:00:00+00:00,731
2022-10-18 00:00:00+00:00,732
2022-10-19 00:00:00+00:00,734
2022-10-20 00:00:00+00:00,737
2022-10-21 00:00:00+00:00,738
2022-10-24 00:00:00+00:00,740
2022-10-26 00:00:00+00:00,741
2022-10-29 00:00:00+00:00,742
2022-10-30 00:00:00+00:00,743
2022-10-31 00:00:00+00:00,747
2022-11-01 00:00:00+00:00,749
2022-11-02 00:00:00+00:00,750
2022-11-03 00:00:00+00:00,752
2022-11-07 00:00:00+00:00,756
2022-11-08 00:00:00+00:00,758
2022-11-12 00:00:00+00:00,760
2022-11-13 00:00:00+00:00,761
2022-11-14 00:00:00+00:00,762
2022-11-15 00:00:00+00:00,763
2022-11-18 00:00:00+00:00,764
2022-11-22 00:00:00+00:00,766
2022-11-23 00:00:00+00:00,768
2022-11-24 00:00:00+00:00,769
2022-11-26 00:00:00+00:00,771
2022-11-28 00:00:00+00:00,772
2022-11-29 00:00:00+00:00,773
2022-12-01 00:00:00+00:00,774
2022-12-02 00:00:00+00:00,775
2022-12-03 00:00:00+00:00,778
2022-12-04 00:00:00+00:00,781
2022-12-05 00:00:00+00:00,783
2022-12-08 00:00:00+00:00,785
2022-12-09 00:00:00+00:00,786
2022-12-11 00:00:00+00:00,787
2022-12-13 00:00:00+00:00,788
2022-12-18 00:00:00+00:00,789
2022-12-19 00:00:00+00:00,790
2022-12-21 00:00:00+00:00,791
2022-12-22 00:00:00+00:00,792
2022-12-24 00:00:00+00:00,793
2022-12-26 00:00:00+00:00,795
2022-12-30 00:00:00+00:00,796
2022-12-31 00:00:00+00:00,797
2023-01-02 00:00:00+00:00,800
2023-01-03 00:00:00+00:00,803
2023-01-04 00:00:00+00:00,804
2023-01-05 00:00:00+00:00,806
2023-01-07 00:00:00+00:00,808
2023-01-09 00:00:00+00:00,809
2023-01-10 00:00:00+00:00,811
2023-01-11 00:00:00+00:00,812
2023-01-12 00:00:00+00:00,814
2023-01-14 00:00:00+00:00,815
2023-01-15 00:00:00+00:00,816
2023-01-16 00:00:00+00:00,818
2023-01-17 00:00:00+00:00,819
2023-01-18 00:00:00+00:00,820
2023-01-19 00:00:00+00:00,822
2023-01-21 00:00:00+00:00,825
2023-01-22 00:00:00+00:00,826
2023-01-25 00:00:00+00:00,829
2023-01-26 00:00:00+00:00,830
2023-01-27 00:00:00+00:00,832
2023-01-28 00:00:00+00:00,833
2023-01-29 00:00:00+00:00,834
2023-01-30 00:00:00+00:00,836
2023-01-31 00:00:00+00:00,839
2023-02-01 00:00:00+00:00,840
2023-02-03 00:00:00+00:00,841
2023-02-05 00:00:00+00:00,842
2023-02-07 00:00:00+00:00,843
2023-02-08 00:00:00+00:00,844
2023-02-10 00:00:00+00:00,846
2023-02-11 00:00:00+00:00,847
2023-02-12 00:00:00+00:00,849
2023-02-13 00:00:00+00:00,852
2023-02-14 00:00:00+00:00,853
2023-02-15 00:00:00+00:00,855
2023-02-16 00:00:00+00:00,859
2023-02-17 00:00:00+00:00,864
2023-02-18 00:00:00+00:00,865
2023-02-21 00:00:00+00:00,867
2023-02-22 00:00:00+00:00,868
2023-02-23 00:00:00+00:00,869
2023-02-24 00:00:00+00:00,872
2023-02-26 00:00:00+00:00,874
2023-02-27 00:00:00+00:00,877
2023-02-28 00:00:00+00:00,879
2023-03-02 00:00:00+00:00,881
2023-03-04 00:00:00+00:00,882
2023-03-05 00:00:00+00:00,883
2023-03-06 00:00:00+00:00,884
2023-03-07 00:00:00+00:00,891
2023-03-08 00:00:00+00:00,894
2023-03-09 00:00:00+00:00,905
2023-03-10 00:00:00+00:00,908
2023-03-11 00:00:00+00:00,909
2023-03-13 00:00:00+00:00,912
2023-03-14 00:00:00+00:00,914
2023-03-15 00:00:00+00:00,916
2023-03-16 00:00:00+00:00,919
2023-03-17 00:00:00+00:00,920
2023-03-18 00:00:00+00:00,922
2023-03-20 00:00:00+00:00,923
2023-03-21 00:00:00+00:00,926
2023-03-22 00:00:00+00:00,929
2023-03-23 00:00:00+00:00,931
2023-03-24 00:00:00+00:00,933
2023-03-27 00:00:00+00:00,936
2023-03-29 00:00:00+00:00,938
2023-03-30 00:00:00+00:00,945
2023-03-31 00:00:00+00:00,948
2023-04-01 00:00:00+00:00,951
2023-04-03 00:00:00+00:00,953
2023-04-04 00:00:00+00:00,958
2023-04-05 00:00:00+00:00,959
2023-04-06 00:00:00+00:00,963
2023-04-07 00:00:00+00:00,966
2023-04-08 00:00:00+00:00,971
2023-04-09 00:00:00+00:00,974
2023-04-10 00:00:00+00:00,978
2023-04-11 00:00:00+00:00,980
2023-04-12 00:00:00+00:00,987
2023-04-13 00:00:00+00:00,990
2023-04-14 00:00:00+00:00,997
2023-04-15 00:00:00+00:00,999
2023-04-17 00:00:00+00:00,1001
2023-04-18 00:00:00+00:00,1004
2023-04-19 00:00:00+00:00,1006
2023-04-21 00:00:00+00:00,1008
2023-04-22 00:00:00+00:00,1011
2023-04-23 00:00:00+00:00,1012
2023-04-24 00:00:00+00:00,1014
2023-04-26 00:00:00+00:00,1017
2023-04-27 00:00:00+00:00,1020
2023-04-28 00:00:00+00:00,1022
2023-04-29 00:00:00+00:00,1023
2023-05-01 00:00:00+00:00,1024
2023-05-02 00:00:00+00:00,1025
2023-05-03 00:00:00+00:00,1026
2023-05-04 00:00:00+00:00,1038
2023-05-05 00:00:00+00:00,1040
2023-05-06 00:00:00+00:00,1045
2023-05-07 00:00:00+00:00,1046
2023-05-08 00:00:00+00:00,1048
2023-05-09 00:00:00+00:00,1051
2023-05-10 00:00:00+00:00,1056
2023-05-11 00:00:00+00:00,1061
2023-05-12 00:00:00+00:00,1064
2023-05-13 00:00:00+00:00,1065
2023-05-14 00:00:00+00:00,1068
2023-05-15 00:00:00+00:00,1073
2023-05-16 00:00:00+00:00,1076
2023-05-17 00:00:00+00:00,1078
2023-05-18 00:00:00+00:00,1081
2023-05-19 00:00:00+00:00,1084
2023-05-20 00:00:00+00:00,1085
2023-05-22 00:00:00+00:00,1086
2023-05-23 00:00:00+00:00,1090
2023-05-24 00:00:00+00:00,1093
2023-05-25 00:00:00+00:00,1097
2023-05-26 00:00:00+00:00,1100
2023-05-27 00:00:00+00:00,1101
2023-05-28 00:00:00+00:00,1104
2023-05-29 00:00:00+00:00,1107
2023-05-30 00:00:00+00:00,1109
2023-05-31 00:00:00+00:00,1113
2023-06-01 00:00:00+00:00,1115
2023-06-03 00:00:00+00:00,1116
2023-06-04 00:00:00+00:00,1118
2023-06-06 00:00:00+00:00,1119
2023-06-07 00:00:00+00:00,1123
2023-06-08 00:00:00+00:00,1130
2023-06-09 00:00:00+00:00,1138
2023-06-10 00:00:00+00:00,1140
2023-06-11 00:00:00+00:00,1145
2023-06-12 00:00:00+00:00,1150
2023-06-13 00:00:00+00:00,1152
2023-06-14 00:00:00+00:00,1156
2023-06-15 00:00:00+00:00,1162
2023-06-16 00:00:00+00:00,1168
2023-06-17 00:00:00+00:00,1172
2023-06-19 00:00:00+00:00,1175
2023-06-20 00:00:00+00:00,1177
2023-06-21 00:00:00+00:00,1179
2023-06-22 00:00:00+00:00,1181
2023-06-23 00:00:00+00:00,1182
2023-06-25 00:00:00+00:00,1185
2023-06-26 00:00:00+00:00,1186
2023-06-27 00:00:00+00:00,1187
2023-06-28 00:00:00+00:00,1188
2023-06-29 00:00:00+00:00,1192
2023-06-30 00:00:00+00:00,1195
2023-07-01 00:00:00+00:00,1198
2023-07-04 00:00:00+00:00,1200
2023-07-05 00:00:00+00:00,1201
2023-07-06 00:00:00+00:00,1204
2023-07-07 00:00:00+00:00,1205
2023-07-08 00:00:00+00:00,1207
2023-07-09 00:00:00+00:00,1210
2023-07-10 00:00:00+00:00,1212
2023-07-11 00:00:00+00:00,1216
2023-07-12 00:00:00+00:00,1220
2023-07-13 00:00:00+00:00,1223
2023-07-14 00:00:00+00:00,1224
2023-07-15 00:00:00+00:00,1228
2023-07-16 00:00:00+00:00,1230
2023-07-17 00:00:00+00:00,1231
2023-07-18 00:00:00+00:00,1237
2023-07-19 00:00:00+00:00,1238
2023-07-20 00:00:00+00:00,1240
2023-07-21 00:00:00+00:00,1245
2023-07-22 00:00:00+00:00,1246
2023-07-23 00:00:00+00:00,1249
2023-07-24 00:00:00+00:00,1251
2023-07-25 00:00:00+00:00,1255
2023-07-26 00:00:00+00:00,1256
2023-07-27 00:00:00+00:00,1259
2023-07-28 00:00:00+00:00,1260
2023-07-29 00:00:00+00:00,1262
2023-07-31 00:00:00+00:00,1265
2023-08-01 00:00:00+00:00,1267
2023-08-02 00:00:00+00:00,1269
2023-08-03 00:00:00+00:00,1274
2023-08-04 00:00:00+00:00,1276
2023-08-05 00:00:00+00:00,1278
2023-08-06 00:00:00+00:00,1281
2023-08-07 00:00:00+00:00,1283
2023-08-08 00:00:00+00:00,1285
2023-08-09 00:00:00+00:00,1287
2023-08-10 00:00:00+00:00,1288
2023-08-11 00:00:00+00:00,1290
2023-08-12 00:00:00+00:00,1291
2023-08-14 00:00:00+00:00,1295
2023-08-15 00:00:00+00:00,1296
2023-08-16 00:00:00+00:00,1297
2023-08-18 00:00:00+00:00,1300
2023-08-19 00:00:00+00:00,1301
2023-08-21 00:00:00+00:00,1303
2023-08-22 00:00:00+00:00,1306
2023-08-23 00:00:00+00:00,1307
2023-08-24 00:00:00+00:00,1309
2023-08-26 00:00:00+00:00,1311
2023-08-27 00:00:00+00:00,1312
2023-08-28 00:00:00+00:00,1315
2023-08-29 00:00:00+00:00,1319
2023-08-30 00:00:00+00:00,1321
2023-08-31 00:00:00+00:00,1322
2023-09-01 00:00:00+00:00,1325
2023-09-04 00:00:00+00:00,1326
2023-09-05 00:00:00+00:00,1329
2023-09-06 00:00:00+00:00,1331
2023-09-07 00:00:00+00:00,1332
2023-09-08 00:00:00+00:00,1334
2023-09-10 00:00:00+00:00,1339
2023-09-11 00:00:00+00:00,1341
2023-09-12 00:00:00+00:00,1345
2023-09-13 00:00:00+00:00,1346
2023-09-14 00:00:00+00:00,1349
2023-09-16 00:00:00+00:00,1350
2023-09-17 00:00:00+00:00,1351
2023-09-18 00:00:00+00:00,1353
2023-09-19 00:00:00+00:00,1355
2023-09-20 00:00:00+00:00,1356
2023-09-23 00:00:00+00:00,1357
2023-09-24 00:00:00+00:00,1359
2023-09-25 00:00:00+00:00,1360
2023-09-26 00:00:00+00:00,1361
2023-09-27 00:00:00+00:00,1364
2023-10-03 00:00:00+00:00,1366
2023-10-04 00:00:00+00:00,1367
2023-10-05 00:00:00+00:00,1370
2023-10-06 00:00:00+00:00,1372
2023-10-08 00:00:00+00:00,1373
2023-10-10 00:00:00+00:00,1378
2023-10-11 00:00:00+00:00,1384
2023-10-12 00:00:00+00:00,1387
2023-10-13 00:00:00+00:00,1389
2023-10-14 00:00:00+00:00,1392
2023-10-16 00:00:00+00:00,1393
2023-10-17 00:00:00+00:00,1399
2023-10-18 00:00:00+00:00,1401
2023-10-19 00:00:00+00:00,1403
2023-10-20 00:00:00+00:00,1410
2023-10-21 00:00:00+00:00,1412
2023-10-22 00:00:00+00:00,1417
2023-10-23 00:00:00+00:00,1423
2023-10-24 00:00:00+00:00,1427
2023-10-25 00:00:00+00:00,1428
2023-10-26 00:00:00+00:00,1431
2023-10-27 00:00:00+00:00,1433
2023-10-28 00:00:00+00:00,1435
2023-10-29 00:00:00+00:00,1436
2023-10-30 00:00:00+00:00,1437
2023-10-31 00:00:00+00:00,1441
2023-11-01 00:00:00+00:00,1446
2023-11-02 00:00:00+00:00,1450
2023-11-03 00:00:00+00:00,1453
2023-11-04 00:00:00+00:00,1455
2023-11-05 00:00:00+00:00,1460
2023-11-07 00:00:00+00:00,1462
2023-11-08 00:00:00+00:00,1465
2023-11-09 00:00:00+00:00,1474
2023-11-10 00:00:00+00:00,1476
2023-11-12 00:00:00+00:00,1479
2023-11-13 00:00:00+00:00,1482
2023-11-14 00:00:00+00:00,1485
2023-11-15 00:00:00+00:00,1489
2023-11-16 00:00:00+00:00,1490
2023-11-17 00:00:00+00:00,1495
2023-11-18 00:00:00+00:00,1498
2023-11-20 00:00:00+00:00,1500
2023-11-21 00:00:00+00:00,1503
2023-11-22 00:00:00+00:00,1506
2023-11-23 00:00:00+00:00,1508
2023-11-24 00:00:00+00:00,1511
2023-11-25 00:00:00+00:00,1515
2023-11-27 00:00:00+00:00,1517
2023-11-28 00:00:00+00:00,1518
2023-11-29 00:00:00+00:00,1520
2023-11-30 00:00:00+00:00,1523
2023-12-01 00:00:00+00:00,1524
2023-12-02 00:00:00+00:00,1529
2023-12-03 00:00:00+00:00,1531
2023-12-04 00:00:00+00:00,1533
2023-12-05 00:00:00+00:00,1536
2023-12-06 00:00:00+00:00,1540
2023-12-07 00:00:00+00:00,1545
2023-12-08 00:00:00+00:00,1547
2023-12-09 00:00:00+00:00,1550
2023-12-10 00:00:00+00:00,1556
2023-12-11 00:00:00+00:00,1560
2023-12-12 00:00:00+00:00,1563
2023-12-13 00:00:00+00:00,1569
2023-12-14 00:00:00+00:00,1575
2023-12-15 00:00:00+00:00,1579
2023-12-16 00:00:00+00:00,1586
2023-12-17 00:00:00+00:00,1588
2023-12-18 00:00:00+00:00,1590
2023-12-19 00:00:00+00:00,1593
2023-12-20 00:00:00+00:00,1597
2023-12-21 00:00:00+00:00,1603
2023-12-22 00:00:00+00:00,1604
2023-12-23 00:00:00+00:00,1606
2023-12-24 00:00:00+00:00,1607
2023-12-25 00:00:00+00:00,1610
2023-12-26 00:00:00+00:00,1611
2023-12-27 00:00:00+00:00,1613
2023-12-28 00:00:00+00:00,1616
2023-12-30 00:00:00+00:00,1617
2023-12-31 00:00:00+00:00,1620
2024-01-02 00:00:00+00:00,1621
2024-01-03 00:00:00+00:00,1627
2024-01-04 00:00:00+00:00,1628
2024-01-05 00:00:00+00:00,1629
2024-01-07 00:00:00+00:00,1630
2024-01-08 00:00:00+00:00,1634
2024-01-09 00:00:00+00:00,1635
2024-01-10 00:00:00+00:00,1636
2024-01-12 00:00:00+00:00,1637
2024-01-13 00:00:00+00:00,1640
2024-01-14 00:00:00+00:00,1641
2024-01-15 00:00:00+00:00,1643
2024-01-16 00:00:00+00:00,1644
2024-01-17 00:00:00+00:00,1647
2024-01-18 00:00:00+00:00,1649
2024-01-19 00:00:00+00:00,1650
2024-01-20 00:00:00+00:00,1651
2024-01-21 00:00:00+00:00,1653
2024-01-22 00:00:00+00:00,1655
2024-01-23 00:00:00+00:00,1657
2024-01-24 00:00:00+00:00,1660
2024-01-25 00:00:00+00:00,1662
2024-01-26 00:00:00+00:00,1664
2024-01-28 00:00:00+00:00,1665
2024-01-29 00:00:00+00:00,1669
2024-01-30 00:00:00+00:00,1671
2024-01-31 00:00:00+00:00,1676
2024-02-01 00:00:00+00:00,1681
2024-02-02 00:00:00+00:00,1690
2024-02-03 00:00:00+00:00,1695
2024-02-04 00:00:00+00:00,1697
2024-02-05 00:00:00+00:00,1699
2024-02-06 00:00:00+00:00,1702
2024-02-07 00:00:00+00:00,1705
2024-02-08 00:00:00+00:00,1706
2024-02-09 00:00:00+00:00,1710
2024-02-10 00:00:00+00:00,1711
2024-02-11 00:00:00+00:00,1714
2024-02-12 00:00:00+00:00,1719
2024-02-15 00:00:00+00:00,1722
2024-02-16 00:00:00+00:00,1724
2024-02-17 00:00:00+00:00,1727
2024-02-18 00:00:00+00:00,1728
2024-02-19 00:00:00+00:00,1731
2024-02-20 00:00:00+00:00,1735
2024-02-21 00:00:00+00:00,1737
2024-02-22 00:00:00+00:00,1741
2024-02-23 00:00:00+00:00,1743
2024-02-24 00:00:00+00:00,1745
2024-02-25 00:00:00+00:00,1747
2024-02-26 00:00:00+00:00,1750
2024-02-27 00:00:00+00:00,1754
2024-02-28 00:00:00+00:00,1755
2024-02-29 00:00:00+00:00,1760
2024-03-01 00:00:00+00:00,1764
2024-03-02 00:00:00+00:00,1768
2024-03-03 00:00:00+00:00,1769
2024-03-04 00:00:00+00:00,1774
2024-03-05 00:00:00+00:00,1777
2024-03-06 00:00:00+00:00,1779
2024-03-07 00:00:00+00:00,1784
2024-03-08 00:00:00+00:00,1787
2024-03-09 00:00:00+00:00,1789
2024-03-10 00:00:00+00:00,1790
2024-03-11 00:00:00+00:00,1792
2024-03-12 00:00:00+00:00,1797
2024-03-13 00:00:00+00:00,1799
2024-03-15 00:00:00+00:00,1801
2024-03-16 00:00:00+00:00,1802
2024-03-19 00:00:00+00:00,1805
2024-03-20 00:00:00+00:00,1810
2024-03-21 00:00:00+00:00,1816
2024-03-23 00:00:00+00:00,1818
2024-03-24 00:00:00+00:00,1820
2024-03-25 00:00:00+00:00,1822
2024-03-26 00:00:00+00:00,1825
2024-03-27 00:00:00+00:00,1828
2024-03-28 00:00:00+00:00,1831
2024-03-29 00:00:00+00:00,1833
2024-03-30 00:00:00+00:00,1836
2024-03-31 00:00:00+00:00,1837
2024-04-01 00:00:00+00:00,1842
2024-04-02 00:00:00+00:00,1843
2024-04-03 00:00:00+00:00,1844
2024-04-04 00:00:00+00:00,1845
2024-04-05 00:00:00+00:00,1846
2024-04-06 00:00:00+00:00,1847
2024-04-07 00:00:00+00:00,1848
2024-04-09 00:00:00+00:00,1849
2024-04-10 00:00:00+00:00,1852
2024-04-11 00:00:00+00:00,1858
2024-04-12 00:00:00+00:00,1861
2024-04-13 00:00:00+00:00,1869
2024-04-14 00:00:00+00:00,1870
2024-04-15 00:00:00+00:00,1874
2024-04-16 00:00:00+00:00,1876
2024-04-17 00:00:00+00:00,1878
2024-04-18 00:00:00+00:00,1879
2024-04-19 00:00:00+00:00,1882
2024-04-20 00:00:00+00:00,1884
2024-04-21 00:00:00+00:00,1885
2024-04-22 00:00:00+00:00,1889
2024-04-23 00:00:00+00:00,1892
2024-04-24 00:00:00+00:00,1893
2024-04-25 00:00:00+00:00,1894
2024-04-26 00:00:00+00:00,1895
2024-04-27 00:00:00+00:00,1896
2024-04-28 00:00:00+00:00,1898
2024-04-29 00:00:00+00:00,1900
2024-04-30 00:00:00+00:00,1902
2024-05-01 00:00:00+00:00,1906
2024-05-02 00:00:00+00:00,1909
2024-05-04 00:00:00+00:00,1912
2024-05-06 00:00:00+00:00,1916
2024-05-07 00:00:00+00:00,1920
2024-05-08 00:00:00+00:00,1922
2024-05-09 00:00:00+00:00,1927
2024-05-10 00:00:00+00:00,1928
2024-05-12 00:00:00+00:00,1929
2024-05-13 00:00:00+00:00,1931
2024-05-14 00:00:00+00:00,1934
2024-05-15 00:00:00+00:00,1935
2024-05-16 00:00:00+00:00,1939
2024-05-17 00:00:00+00:00,1942
2024-05-18 00:00:00+00:00,1948
2024-05-19 00:00:00+00:00,1951
2024-05-20 00:00:00+00:00,1954
2024-05-21 00:00:00+00:00,1958
2024-05-22 00:00:00+00:00,1961
2024-05-23 00:00:00+00:00,1963
2024-05-24 00:00:00+00:00,1964
2024-05-25 00:00:00+00:00,1965
2024-05-26 00:00:00+00:00,1966
2024-05-27 00:00:00+00:00,1967
2024-05-28 00:00:00+00:00,1970
2024-05-29 00:00:00+00:00,1972
2024-05-30 00:00:00+00:00,1977
2024-05-31 00:00:00+00:00,1986
2024-06-01 00:00:00+00:00,1988
2024-06-02 00:00:00+00:00,1990
2024-06-03 00:00:00+00:00,1997
2024-06-04 00:00:00+00:00,2003
2024-06-05 00:00:00+00:00,2008
2024-06-06 00:00:00+00:00,2011
2024-06-07 00:00:00+00:00,2017
2024-06-08 00:00:00+00:00,2020
2024-06-09 00:00:00+00:00,2022
2024-06-10 00:00:00+00:00,2025
2024-06-11 00:00:00+00:00,2029
2024-06-12 00:00:00+00:00,2030
2024-06-13 00:00:00+00:00,2035
2024-06-14 00:00:00+00:00,2038
2024-06-15 00:00:00+00:00,2042
2024-06-16 00:00:00+00:00,2043
2024-06-17 00:00:00+00:00,2046
2024-06-18 00:00:00+00:00,2050
2024-06-19 00:00:00+00:00,2056
2024-06-20 00:00:00+00:00,2059
2024-06-21 00:00:00+00:00,2061
2024-06-22 00:00:00+00:00,2064
2024-06-23 00:00:00+00:00,2066
2024-06-24 00:00:00+00:00,2069
2024-06-25 00:00:00+00:00,2070
2024-06-26 00:00:00+00:00,2072
2024-06-27 00:00:00+00:00,2076
2024-06-28 00:00:00+00:00,2078
2024-06-29 00:00:00+00:00,2079
2024-07-01 00:00:00+00:00,2083
2024-07-02 00:00:00+00:00,2085
2024-07-03 00:00:00+00:00,2091
2024-07-04 00:00:00+00:00,2092
2024-07-05 00:00:00+00:00,2093
2024-07-08 00:00:00+00:00,2094
2024-07-09 00:00:00+00:00,2095
2024-07-10 00:00:00+00:00,2096
2024-07-12 00:00:00+00:00,2100
2024-07-13 00:00:00+00:00,2101
2024-07-14 00:00:00+00:00,2103
2024-07-15 00:00:00+00:00,2105
2024-07-16 00:00:00+00:00,2106
2024-07-17 00:00:00+00:00,2117
2024-07-18 00:00:00+00:00,2122
2024-07-19 00:00:00+00:00,2124
2024-07-20 00:00:00+00:00,2126
2024-07-21 00:00:00+00:00,2127
2024-07-22 00:00:00+00:00,2128
2024-07-23 00:00:00+00:00,2130
2024-07-24 00:00:00+00:00,2131
2024-07-25 00:00:00+00:00,2132
2024-07-26 00:00:00+00:00,2136
2024-07-27 00:00:00+00:00,2138
2024-07-28 00:00:00+00:00,2139
2024-07-29 00:00:00+00:00,2140
2024-07-30 00:00:00+00:00,2142
2024-07-31 00:00:00+00:00,2145
2024-08-01 00:00:00+00:00,2147
2024-08-02 00:00:00+00:00,2148
2024-08-04 00:00:00+00:00,2149
2024-08-05 00:00:00+00:00,2153
2024-08-06 00:00:00+00:00,2154
2024-08-07 00:00:00+00:00,2156
2024-08-08 00:00:00+00:00,2157
2024-08-09 00:00:00+00:00,2160
2024-08-10 00:00:00+00:00,2161
2024-08-12 00:00:00+00:00,2163
2024-08-13 00:00:00+00:00,2165
2024-08-14 00:00:00+00:00,2166
2024-08-16 00:00:00+00:00,2172
2024-08-18 00:00:00+00:00,2176
2024-08-19 00:00:00+00:00,2178
2024-08-20 00:00:00+00:00,2180
2024-08-21 00:00:00+00:00,2182
2024-08-22 00:00:00+00:00,2184
2024-08-23 00:00:00+00:00,2185
2024-08-24 00:00:00+00:00,2189
2024-08-25 00:00:00+00:00,2194
2024-08-26 00:00:00+00:00,2199
2024-08-27 00:00:00+00:00,2201
2024-08-28 00:00:00+00:00,2206
2024-08-29 00:00:00+00:00,2209
2024-08-30 00:00:00+00:00,2211
2024-08-31 00:00:00+00:00,2213
2024-09-01 00:00:00+00:00,2214
2024-09-03 00:00:00+00:00,2218
2024-09-05 00:00:00+00:00,2220
2024-09-06 00:00:00+00:00,2221
2024-09-07 00:00:00+00:00,2223
2024-09-08 00:00:00+00:00,2224
2024-09-09 00:00:00+00:00,2225
2024-09-12 00:00:00+00:00,2226
2024-09-13 00:00:00+00:00,2231
2024-09-14 00:00:00+00:00,2234
2024-09-18 00:00:00+00:00,2235
2024-09-19 00:00:00+00:00,2237
2024-09-20 00:00:00+00:00,2239
2024-09-21 00:00:00+00:00,2242
2024-09-22 00:00:00+00:00,2246
2024-09-23 00:00:00+00:00,2250
2024-09-24 00:00:00+00:00,2255
2024-09-25 00:00:00+00:00,2257
2024-09-26 00:00:00+00:00,2261
2024-09-28 00:00:00+00:00,2270
2024-09-29 00:00:00+00:00,2274
2024-09-30 00:00:00+00:00,2278
2024-10-02 00:00:00+00:00,2280
2024-10-04 00:00:00+00:00,2282
2024-10-05 00:00:00+00:00,2283
2024-10-07 00:00:00+00:00,2285
2024-10-08 00:00:00+00:00,2287
2024-10-10 00:00:00+00:00,2288
2024-10-11 00:00:00+00:00,2289
2024-10-12 00:00:00+00:00,2290
2024-10-13 00:00:00+00:00,2291
2024-10-14 00:00:00+00:00,2293
2024-10-15 00:00:00+00:00,2295
2024-10-16 00:00:00+00:00,2298
2024-10-17 00:00:00+00:00,2299
2024-10-18 00:00:00+00:00,2303
2024-10-19 00:00:00+00:00,2308
2024-10-20 00:00:00+00:00,2309
2024-10-21 00:00:00+00:00,2310
2024-10-22 00:00:00+00:00,2311
2024-10-23 00:00:00+00:00,2312
2024-10-25 00:00:00+00:00,2313
2024-10-26 00:00:00+00:00,2316
2024-10-27 00:00:00+00:00,2318
2024-10-28 00:00:00+00:00,2321
2024-10-29 00:00:00+00:00,2325
2024-10-30 00:00:00+00:00,2328
2024-10-31 00:00:00+00:00,2329
2024-11-01 00:00:00+00:00,2333
2024-11-02 00:00:00+00:00,2335
2024-11-03 00:00:00+00:00,2337
2024-11-04 00:00:00+00:00,2339
2024-11-05 00:00:00+00:00,2343
2024-11-06 00:00:00+00:00,2344
2024-11-07 00:00:00+00:00,2346
2024-11-08 00:00:00+00:00,2351
2024-11-09 00:00:00+00:00,2353
2024-11-10 00:00:00+00:00,2355
2024-11-11 00:00:00+00:00,2357
2024-11-13 00:00:00+00:00,2361
2024-11-15 00:00:00+00:00,2364
2024-11-16 00:00:00+00:00,2368
2024-11-17 00:00:00+00:00,2369
2024-11-18 00:00:00+00:00,2371
2024-11-19 00:00:00+00:00,2374
2024-11-20 00:00:00+00:00,2379
2024-11-21 00:00:00+00:00,2387
2024-11-22 00:00:00+00:00,2389
2024-11-23 00:00:00+00:00,2390
2024-11-24 00:00:00+00:00,2391
2024-11-25 00:00:00+00:00,2397
2024-11-26 00:00:00+00:00,2398
2024-11-27 00:00:00+00:00,2401
2024-11-28 00:00:00+00:00,2402
2024-11-30 00:00:00+00:00,2404
2024-12-01 00:00:00+00:00,2414
2024-12-02 00:00:00+00:00,2418
2024-12-03 00:00:00+00:00,2420
2024-12-04 00:00:00+00:00,2422
2024-12-05 00:00:00+00:00,2427
2024-12-06 00:00:00+00:00,2431
2024-12-07 00:00:00+00:00,2432
2024-12-08 00:00:00+00:00,2434
2024-12-09 00:00:00+00:00,2436
2024-12-10 00:00:00+00:00,2441
2024-12-11 00:00:00+00:00,2445
2024-12-12 00:00:00+00:00,2447
2024-12-13 00:00:00+00:00,2448
2024-12-14 00:00:00+00:00,2449
2024-12-15 00:00:00+00:00,2451
2024-12-16 00:00:00+00:00,2454
2024-12-19 00:00:00+00:00,2455
2024-12-20 00:00:00+00:00,2457
2024-12-23 00:00:00+00:00,2459
2024-12-24 00:00:00+00:00,2460
2024-12-25 00:00:00+00:00,2462
2024-12-26 00:00:00+00:00,2463
2024-12-27 00:00:00+00:00,2465
2024-12-29 00:00:00+00:00,2466
2024-12-30 00:00:00+00:00,2469
2025-01-01 00:00:00+00:00,2470
2025-01-02 00:00:00+00:00,2473
2025-01-03 00:00:00+00:00,2476
2025-01-04 00:00:00+00:00,2478
2025-01-06 00:00:00+00:00,2479
2025-01-07 00:00:00+00:00,2482
2025-01-08 00:00:00+00:00,2484
2025-01-10 00:00:00+00:00,2487
2025-01-14 00:00:00+00:00,2488
2025-01-15 00:00:00+00:00,2490
2025-01-16 00:00:00+00:00,2493
2025-01-20 00:00:00+00:00,2494
2025-01-22 00:00:00+00:00,2500
2025-01-23 00:00:00+00:00,2502
2025-01-24 00:00:00+00:00,2503
2025-01-25 00:00:00+00:00,2507
2025-01-27 00:00:00+00:00,2512
2025-01-29 00:00:00+00:00,2517
2025-01-30 00:00:00+00:00,2518
2025-01-31 00:00:00+00:00,2522
2025-02-01 00:00:00+00:00,2524
2025-02-02 00:00:00+00:00,2527
2025-02-03 00:00:00+00:00,2528
2025-02-04 00:00:00+00:00,2529
2025-02-05 00:00:00+00:00,2530
2025-02-06 00:00:00+00:00,2534
2025-02-07 00:00:00+00:00,2537
2025-02-08 00:00:00+00:00,2539
2025-02-09 00:00:00+00:00,2541
2025-02-10 00:00:00+00:00,2543
2025-02-11 00:00:00+00:00,2545
2025-02-15 00:00:00+00:00,2547
2025-02-16 00:00:00+00:00,2549
2025-02-17 00:00:00+00:00,2555
2025-02-18 00:00:00+00:00,2560
2025-02-19 00:00:00+00:00,2564
2025-02-21 00:00:00+00:00,2565
2025-02-23 00:00:00+00:00,2567
2025-02-25 00:00:00+00:00,2570
2025-02-26 00:00:00+00:00,2573
2025-02-27 00:00:00+00:00,2575
2025-02-28 00:00:00+00:00,2577
2025-03-01 00:00:00+00:00,2579
2025-03-02 00:00:00+00:00,2580
2025-03-03 00:00:00+00:00,2581
2025-03-04 00:00:00+00:00,2582
2025-03-05 00:00:00+00:00,2584
2025-03-06 00:00:00+00:00,2586
2025-03-07 00:00:00+00:00,2587
2025-03-08 00:00:00+00:00,2591
2025-03-09 00:00:00+00:00,2592
2025-03-10 00:00:00+00:00,2595
2025-03-11 00:00:00+00:00,2596
2025-03-12 00:00:00+00:00,2598
2025-03-13 00:00:00+00:00,2600
2025-03-14 00:00:00+00:00,2602
2025-03-15 00:00:00+00:00,2605
2025-03-16 00:00:00+00:00,2606
2025-03-17 00:00:00+00:00,2609
2025-03-18 00:00:00+00:00,2613
2025-03-19 00:00:00+00:00,2615
2025-03-20 00:00:00+00:00,2616
2025-03-21 00:00:00+00:00,2618
2025-03-23 00:00:00+00:00,2620
2025-03-24 00:00:00+00:00,2624
2025-03-25 00:00:00+00:00,2625
2025-03-26 00:00:00+00:00,2628
2025-03-27 00:00:00+00:00,2630
2025-03-28 00:00:00+00:00,2631
2025-03-29 00:00:00+00:00,2633
2025-04-02 00:00:00+00:00,2635
2025-04-03 00:00:00+00:00,2637
2025-04-07 00:00:00+00:00,2639
2025-04-09 00:00:00+00:00,2641
2025-04-10 00:00:00+00:00,2644
2025-04-11 00:00:00+00:00,2645
2025-04-12 00:00:00+00:00,2646
2025-04-13 00:00:00+00:00,2647
2025-04-14 00:00:00+00:00,2651
2025-04-15 00:00:00+00:00,2653
2025-04-16 00:00:00+00:00,2657
2025-04-17 00:00:00+00:00,2662
2025-04-18 00:00:00+00:00,2666
2025-04-19 00:00:00+00:00,2670
2025-04-20 00:00:00+00:00,2672
2025-04-21 00:00:00+00:00,2674
2025-04-22 00:00:00+00:00,2678
2025-04-23 00:00:00+00:00,2680
2025-04-24 00:00:00+00:00,2682
2025-04-25 00:00:00+00:00,2685
2025-04-26 00:00:00+00:00,2687
2025-04-28 00:00:00+00:00,2688
2025-04-29 00:00:00+00:00,2690
2025-04-30 00:00:00+00:00,2692
2025-05-01 00:00:00+00:00,2695
2025-05-03 00:00:00+00:00,2697
2025-05-04 00:00:00+00:00,2704
2025-05-05 00:00:00+00:00,2707
2025-05-06 00:00:00+00:00,2708
2025-05-07 00:00:00+00:00,2710
2025-05-08 00:00:00+00:00,2714
2025-05-09 00:00:00+00:00,2715
2025-05-10 00:00:00+00:00,2717
2025-05-11 00:00:00+00:00,2718
2025-05-12 00:00:00+00:00,2719
2025-05-13 00:00:00+00:00,2721
2025-05-14 00:00:00+00:00,2724
2025-05-15 00:00:00+00:00,2729
2025-05-18 00:00:00+00:00,2731
2025-05-19 00:00:00+00:00,2734
2025-05-21 00:00:00+00:00,2738
2025-05-22 00:00:00+00:00,2740
2025-05-23 00:00:00+00:00,2743
2025-05-26 00:00:00+00:00,2745
2025-05-27 00:00:00+00:00,2748
2025-05-28 00:00:00+00:00,2749
2025-05-29 00:00:00+00:00,2750
2025-05-30 00:00:00+00:00,2752
2025-06-01 00:00:00+00:00,2753
2025-06-03 00:00:00+00:00,2757
2025-06-04 00:00:00+00:00,2759
2025-06-07 00:00:00+00:00,2760
2025-06-08 00:00:00+00:00,2761
2025-06-09 00:00:00+00:00,2764
2025-06-10 00:00:00+00:00,2766
2025-06-11 00:00:00+00:00,2767
2025-06-12 00:00:00+00:00,2770
2025-06-13 00:00:00+00:00,2772
2025-06-14 00:00:00+00:00,2773
2025-06-16 00:00:00+00:00,2774
2025-06-17 00:00:00+00:00,2775
2025-06-19 00:00:00+00:00,2776
2025-06-21 00:00:00+00:00,2777
2025-06-22 00:00:00+00:00,2778
2025-06-23 00:00:00+00:00,2780
2025-06-24 00:00:00+00:00,2783
2025-06-25 00:00:00+00:00,2786
2025-06-26 00:00:00+00:00,2788
2025-06-27 00:00:00+00:00,2790
2025-06-30 00:00:00+00:00,2792
2025-07-02 00:00:00+00:00,2793
2025-07-04 00:00:00+00:00,2794
2025-07-06 00:00:00+00:00,2795
2025-07-07 00:00:00+00:00,2796
2025-07-09 00:00:00+00:00,2798
2025-07-10 00:00:00+00:00,2799
2025-07-15 00:00:00+00:00,2803
2025-07-16 00:00:00+00:00,2805
2025-07-18 00:00:00+00:00,2807
2025-07-19 00:00:00+00:00,2808
2025-07-21 00:00:00+00:00,2809
2025-07-22 00:00:00+00:00,2810
2025-07-26 00:00:00+00:00,2811
2025-07-29 00:00:00+00:00,2812
2025-07-30 00:00:00+00:00,2814
2025-07-31 00:00:00+00:00,2816
2025-08-01 00:00:00+00:00,2817
2025-08-04 00:00:00+00:00,2818
2025-08-05 00:00:00+00:00,2819
2025-08-06 00:00:00+00:00,2820
2025-08-07 00:00:00+00:00,2821
2025-08-09 00:00:00+00:00,2822
2025-08-10 00:00:00+00:00,2824
2025-08-11 00:00:00+00:00,2827
2025-08-12 00:00:00+00:00,2828
2025-08-13 00:00:00+00:00,2829
2025-08-14 00:00:00+00:00,2830
2025-08-18 00:00:00+00:00,2831
2025-08-19 00:00:00+00:00,2833
2025-08-20 00:00:00+00:00,2834
2025-08-23 00:00:00+00:00,2835
2025-08-26 00:00:00+00:00,2837
2025-08-27 00:00:00+00:00,2838
2025-08-28 00:00:00+00:00,2842
2025-08-29 00:00:00+00:00,2843
2025-08-31 00:00:00+00:00,2845
2025-09-02 00:00:00+00:00,2846
2025-09-03 00:00:00+00:00,2847
2025-09-04 00:00:00+00:00,2848
2025-09-07 00:00:00+00:00,2849
2025-09-09 00:00:00+00:00,2851
2025-09-10 00:00:00+00:00,2853
2025-09-13 00:00:00+00:00,2854
2025-09-14 00:00:00+00:00,2855
2025-09-15 00:00:00+00:00,2857
2025-09-17 00:00:00+00:00,2859
2025-09-18 00:00:00+00:00,2860
2025-09-19 00:00:00+00:00,2861
2025-09-20 00:00:00+00:00,2863
2025-09-21 00:00:00+00:00,2864
2025-09-24 00:00:00+00:00,2865
2025-09-25 00:00:00+00:00,2866
2025-09-26 00:00:00+00:00,2867
2025-09-27 00:00:00+00:00,2868
2025-09-29 00:00:00+00:00,2870
2025-10-01 00:00:00+00:00,2871
2025-10-05 00:00:00+00:00,2872
2025-10-06 00:00:00+00:00,2873
2025-10-08 00:00:00+00:00,2875
2025-10-11 00:00:00+00:00,2876
2025-10-12 00:00:00+00:00,2877
2025-10-13 00:00:00+00:00,2878
2025-10-15 00:00:00+00:00,2879
2025-10-16 00:00:00+00:00,2880
2025-10-17 00:00:00+00:00,2882
2025-10-20 00:00:00+00:00,2883
2025-10-23 00:00:00+00:00,2885
2025-10-24 00:00:00+00:00,2886
2025-10-25 00:00:00+00:00,2887
2025-10-27 00:00:00+00:00,2889
2025-10-28 00:00:00+00:00,2890
2025-10-29 00:00:00+00:00,2891
2025-10-31 00:00:00+00:00,2892
2025-11-01 00:00:00+00:00,2893
2025-11-02 00:00:00+00:00,2894
2025-11-05 00:00:00+00:00,2895
2025-11-06 00:00:00+00:00,2896
2025-11-07 00:00:00+00:00,2897
2025-11-08 00:00:00+00:00,2898
2025-11-09 00:00:00+00:00,2900
2025-11-10 00:00:00+00:00,2901
2025-11-11 00:00:00+00:00,2902
2025-11-14 00:00:00+00:00,2903
2025-11-15 00:00:00+00:00,2904
2025-11-16 00:00:00+00:00,2905
2025-11-18 00:00:00+00:00,2908
2025-11-19 00:00:00+00:00,2909
2025-11-20 00:00:00+00:00,2912
2025-11-21 00:00:00+00:00,2913
2025-11-22 00:00:00+00:00,2914
2025-11-24 00:00:00+00:00,2915
2025-11-26 00:00:00+00:00,2917
2025-11-27 00:00:00+00:00,2919
2025-12-01 00:00:00+00:00,2921
2025-12-02 00:00:00+00:00,2922
2025-12-03 00:00:00+00:00,2923
2025-12-04 00:00:00+00:00,2924
2025-12-05 00:00:00+00:00,2927
2025-12-06 00:00:00+00:00,2929
2025-12-08 00:00:00+00:00,2930
2025-12-12 00:00:00+00:00,2931
2025-12-13 00:00:00+00:00,2932
2025-12-14 00:00:00+00:00,2934
2025-12-16 00:00:00+00:00,2936
2025-12-17 00:00:00+00:00,2937
2025-12-19 00:00:00+00:00,2939
2025-12-20 00:00:00+00:00,2940
2025-12-21 00:00:00+00:00,2941
2025-12-22 00:00:00+00:00,2942
2025-12-23 00:00:00+00:00,2946
2025-12-24 00:00:00+00:00,2948
2025-12-25 00:00:00+00:00,2949
2025-12-26 00:00:00+00:00,2951
2025-12-27 00:00:00+00:00,2952
2025-12-28 00:00:00+00:00,2953
2025-12-29 00:00:00+00:00,2955
2025-12-31 00:00:00+00:00,2956
2026-01-03 00:00:00+00:00,2957
2026-01-05 00:00:00+00:00,2958
2026-01-06 00:00:00+00:00,2960
2026-01-07 00:00:00+00:00,2961
2026-01-09 00:00:00+00:00,2963
2026-01-11 00:00:00+00:00,2965
2026-01-12 00:00:00+00:00,2966
2026-01-13 00:00:00+00:00,2968
2026-01-14 00:00:00+00:00,2970
2026-01-15 00:00:00+00:00,2971
2026-01-18 00:00:00+00:00,2973
2026-01-19 00:00:00+00:00,2974
2026-01-20 00:00:00+00:00,2975
2026-01-21 00:00:00+00:00,2976
2026-01-22 00:00:00+00:00,2978
2026-01-24 00:00:00+00:00,2979
2026-01-27 00:00:00+00:00,2980
2026-01-28 00:00:00+00:00,2981
2026-01-29 00:00:00+00:00,2983
2026-01-30 00:00:00+00:00,2985
2026-01-31 00:00:00+00:00,2986
2026-02-01 00:00:00+00:00,2988
2026-02-03 00:00:00+00:00,2990
2026-02-04 00:00:00+00:00,2992
2026-02-05 00:00:00+00:00,2994
2026-02-06 00:00:00+00:00,2995
2026-02-08 00:00:00+00:00,2996
2026-02-10 00:00:00+00:00,2997
2026-02-12 00:00:00+00:00,3000
2026-02-13 00:00:00+00:00,3001
2026-02-14 00:00:00+00:00,3002
2026-02-16 00:00:00+00:00,3003
2026-02-19 00:00:00+00:00,3004
2026-02-20 00:00:00+00:00,3005
2026-02-21 00:00:00+00:00,3006
2026-02-23 00:00:00+00:00,3007
2026-02-25 00:00:00+00:00,3009
2026-02-26 00:00:00+00:00,3010
2026-03-01 00:00:00+00:00,3011
2026-03-02 00:00:00+00:00,3013
2026-03-03 00:00:00+00:00,3015
2026-03-04 00:00:00+00:00,3016
2026-03-06 00:00:00+00:00,3017
2026-03-10 00:00:00+00:00,3018
2026-03-11 00:00:00+00:00,3019
2026-03-12 00:00:00+00:00,3021
2026-03-13 00:00:00+00:00,3022
2026-03-16 00:00:00+00:00,3025
2026-03-17 00:00:00+00:00,3027
2026-03-18 00:00:00+00:00,3028
2026-03-19 00:00:00+00:00,3029
2026-03-20 00:00:00+00:00,3031
2026-03-21 00:00:00+00:00,3033
2026-03-22 00:00:00+00:00,3038
2026-03-23 00:00:00+00:00,3041
2026-03-24 00:00:00+00:00,3042
2026-03-25 00:00:00+00:00,3043
2026-03-26 00:00:00+00:00,3046
2026-03-27 00:00:00+00:00,3049
2026-03-31 00:00:00+00:00,3050
2026-04-01 00:00:00+00:00,3051
2026-04-02 00:00:00+00:00,3054
2026-04-03 00:00:00+00:00,3057
2026-04-04 00:00:00+00:00,3058
2026-04-06 00:00:00+00:00,3060
2026-04-08 00:00:00+00:00,3063
2026-04-10 00:00:00+00:00,3066
2026-04-11 00:00:00+00:00,3068
2026-04-13 00:00:00+00:00,3069
2026-04-16 00:00:00+00:00,3070
2026-04-17 00:00:00+00:00,3074
2026-04-20 00:00:00+00:00,3075
2026-04-22 00:00:00+00:00,3076
2026-04-23 00:00:00+00:00,3078
2026-04-24 00:00:00+00:00,3079
2026-04-26 00:00:00+00:00,3082
2026-04-27 00:00:00+00:00,3084
2026-04-28 00:00:00+00:00,3085
2026-04-29 00:00:00+00:00,3089
2026-04-30 00:00:00+00:00,3091
2026-05-02 00:00:00+00:00,3092
2026-05-03 00:00:00+00:00,3095
2026-05-04 00:00:00+00:00,3097
2026-05-06 00:00:00+00:00,3098
2026-05-07 00:00:00+00:00,3099
2026-05-08 00:00:00+00:00,3100
2026-05-09 00:00:00+00:00,3104
2026-05-10 00:00:00+00:00,3106
2026-05-12 00:00:00+00:00,3108
2026-05-13 00:00:00+00:00,3110
2026-05-14 00:00:00+00:00,3111
2026-05-15 00:00:00+00:00,3113
2026-05-21 00:00:00+00:00,3114
2026-05-24 00:00:00+00:00,3117
2026-05-25 00:00:00+00:00,3118
2026-05-26 00:00:00+00:00,3120
2026-05-27 00:00:00+00:00,3121
2026-05-28 00:00:00+00:00,3122
2026-05-29 00:00:00+00:00,3123
2026-05-30 00:00:00+00:00,3124
2026-06-01 00:00:00+00:00,3125
2026-06-04 00:00:00+00:00,3126
2026-06-05 00:00:00+00:00,3127
2026-06-07 00:00:00+00:00,3129
2026-06-08 00:00:00+00:00,3131
2026-06-11 00:00:00+00:00,3137
2026-06-12 00:00:00+00:00,3138
2026-06-18 00:00:00+00:00,3139
2026-06-20 00:00:00+00:00,3141
2026-06-21 00:00:00+00:00,3142
2026-06-22 00:00:00+00:00,3143
2026-06-23 00:00:00+00:00,3145
2026-06-24 00:00:00+00:00,3146
2026-06-25 00:00:00+00:00,3148
2026-06-30 00:00:00+00:00,3150
2026-07-01 00:00:00+00:00,3152
2026-07-02 00:00:00+00:00,3154
2026-07-03 00:00:00+00:00,3156
2026-07-04 00:00:00+00:00,3157
2026-07-06 00:00:00+00:00,3160
2026-07-09 00:00:00+00:00,3162
2026-07-10 00:00:00+00:00,3163
2026-07-12 00:00:00+00:00,3164
2026-07-13 00:00:00+00:00,3165
2026-07-14 00:00:00+00:00,3167
2026-07-15 00:00:00+00:00,3169
2026-07-18 00:00:00+00:00,3170
2026-07-20 00:00:00+00:00,3171
2026-07-23 00:00:00+00:00,3173
2026-07-27 00:00:00+00:00,3174
2026-07-28 00:00:00+00:00,3176
2026-07-29 00:00:00+00:00,3177
2026-07-31 00:00:00+00:00,3178
2026-08-02 00:00:00+00:00,3179
2026-08-03 00:00:00+00:00,3180
2026-08-05 00:00:00+00:00,3181
2026-08-06 00:00:00+00:00,3182
2026-08-07 00:00:00+00:00,3184
2026-08-08 00:00:00+00:00,3185
2026-08-11 00:00:00+00:00,3186
2026-08-12 00:00:00+00:00,3187
2026-08-13 00:00:00+00:00,3190
2026-08-15 00:00:00+00:00,3192
2026-08-20 00:00:00+00:00,3193
2026-08-21 00:00:00+00:00,3194
2026-08-23 00:00:00+00:00,3195
2026-08-24 00:00:00+00:00,3196
2026-08-25 00:00:00+00:00,3197
2026-08-26 00:00:00+00:00,3198
2026-08-27 00:00:00+00:00,3199
2026-08-29 00:00:00+00:00,3200
2026-09-01 00:00:00+00:00,3201
2026-09-02 00:00:00+00:00,3203
2026-09-04 00:00:00+00:00,3204
2026-09-05 00:00:00+00:00,3205
2026-09-09 00:00:00+00:00,3206
2026-09-10 00:00:00+00:00,3207
2026-09-11 00:00:00+00:00,3208
2026-09-12 00:00:00+00:00,3209
2026-09-13 00:00:00+00:00,3210
2026-09-15 00:00:00+00:00,3213
2026-09-19 00:00:00+00:00,3214
2026-09-21 00:00:00+00:00,3215
2026-09-24 00:00:00+00:00,3217
2026-09-27 00:00:00+00:00,3218
2026-09-30 00:00:00+00:00,3219
2026-10-01 00:00:00+00:00,3220
2026-10-06 00:00:00+00:00,3221
